{"cameraMode":{"drawMode":0,"name":"Shaded","section":"Shading Mode"},"sceneLighting":false,"audioPlay":true,"sceneViewState":{"showFog":true,"showMaterialUpdate":false,"showSkybox":false,"showFlares":true,"showImageEffects":true,"showParticleSystems":true},"in2DMode":false,"pivot":{"x":2.26462984085083,"y":3.7790565490722658,"z":7.762280464172363},"rotation":{"x":-0.016837358474731447,"y":0.9671655893325806,"z":-0.2447027713060379,"w":-0.06654810160398483},"size":5.6748948097229,"orthographic":false}